prompt_id,video_name,video_path,relative_path,backbone,mse,consistency_score,motion_score,psnr,ssim,lpips,mvcs,epipolar
001dccbc1f78146a9f03861026613d8e73f39f372b545b26118e37a23c740d5f,seed_456_dpo_w1.0.mp4,/workspace/VideoGPA/output/replicate_8gpu/001dccbc1f78146a9f03861026613d8e73f39f372b545b26118e37a23c740d5f/seed_456_dpo_w1.0.mp4,001dccbc1f78146a9f03861026613d8e73f39f372b545b26118e37a23c740d5f/seed_456_dpo_w1.0.mp4,da3,0.0012342657428234816,0.35739818471483886,0.02360997349023819,29.085912704467773,0.9496744275093079,0.3561639189720154,0.8619159316808395,0.40120166209008956
0032cd2f169847864c28e5e190c2496c03ddd1a5e68d52145634164ebe57d3ac,seed_456_dpo_w1.0.mp4,/workspace/VideoGPA/output/replicate_8gpu/0032cd2f169847864c28e5e190c2496c03ddd1a5e68d52145634164ebe57d3ac/seed_456_dpo_w1.0.mp4,0032cd2f169847864c28e5e190c2496c03ddd1a5e68d52145634164ebe57d3ac/seed_456_dpo_w1.0.mp4,da3,0.005444333888590336,0.455286399461329,0.005245820619165897,22.640554428100586,0.8281728625297546,0.44984206557273865,0.9979167498353072,0.4391664167245229
00534f5868a6f72e77befbdb06e35ee9dc34e175dddf0e64e8b1922e494c8e24,seed_456_dpo_w1.0.mp4,/workspace/VideoGPA/output/replicate_8gpu/00534f5868a6f72e77befbdb06e35ee9dc34e175dddf0e64e8b1922e494c8e24/seed_456_dpo_w1.0.mp4,00534f5868a6f72e77befbdb06e35ee9dc34e175dddf0e64e8b1922e494c8e24/seed_456_dpo_w1.0.mp4,da3,0.00794771034270525,0.4233315857127309,0.05798759683966637,20.99757957458496,0.888127326965332,0.41538387537002563,0.6555044797293049,0.49776385227839154
006771db3c057280f9277e735be6daa24339657ce999216c38da68002a443fed,seed_456_dpo_w1.0.mp4,/workspace/VideoGPA/output/replicate_8gpu/006771db3c057280f9277e735be6daa24339657ce999216c38da68002a443fed/seed_456_dpo_w1.0.mp4,006771db3c057280f9277e735be6daa24339657ce999216c38da68002a443fed/seed_456_dpo_w1.0.mp4,da3,0.0030685814563184977,0.4138899298850447,0.022748207673430443,25.130624771118164,0.8943206071853638,0.4108213484287262,0.9777371520414009,0.4555511209699843
00713c8c22cf3b2ef6495b1da5484da9972921442d85a0a3c8be57f7aa9bbbb5,seed_456_dpo_w1.0.mp4,/workspace/VideoGPA/output/replicate_8gpu/00713c8c22cf3b2ef6495b1da5484da9972921442d85a0a3c8be57f7aa9bbbb5/seed_456_dpo_w1.0.mp4,00713c8c22cf3b2ef6495b1da5484da9972921442d85a0a3c8be57f7aa9bbbb5/seed_456_dpo_w1.0.mp4,da3,0.020142514258623123,0.6029419489204884,0.06298888474702835,16.958864212036133,0.6389671564102173,0.5827994346618652,0.9655055840838097,0.7397894197040134
008c201a7eff27ce0413f7931a48e92cf05ded9d9b7cf16cc2276ff3b80c7b22,seed_456_dpo_w1.0.mp4,/workspace/VideoGPA/output/replicate_8gpu/008c201a7eff27ce0413f7931a48e92cf05ded9d9b7cf16cc2276ff3b80c7b22/seed_456_dpo_w1.0.mp4,008c201a7eff27ce0413f7931a48e92cf05ded9d9b7cf16cc2276ff3b80c7b22/seed_456_dpo_w1.0.mp4,da3,0.0157183688133955,0.5543974917382002,0.021677853539586067,18.035926818847656,0.6196157336235046,0.5386791229248047,0.971522784044079,0.52317832575904
00b1ad87c296635c73bbc9728a63d3df4a9ab07aee0d34cd45784e39f2c699ba,seed_456_dpo_w1.0.mp4,/workspace/VideoGPA/output/replicate_8gpu/00b1ad87c296635c73bbc9728a63d3df4a9ab07aee0d34cd45784e39f2c699ba/seed_456_dpo_w1.0.mp4,00b1ad87c296635c73bbc9728a63d3df4a9ab07aee0d34cd45784e39f2c699ba/seed_456_dpo_w1.0.mp4,da3,0.0023592521902173758,0.3286216666456312,0.0025445211213082075,26.272258758544922,0.921468198299408,0.3262624144554138,0.9673394786930296,0.41672497656610274
00def8c08b0a092efa8b6aa444f1bb411333d6bdc7926885c7a72680d189a3c8,seed_456_dpo_w1.0.mp4,/workspace/VideoGPA/output/replicate_8gpu/00def8c08b0a092efa8b6aa444f1bb411333d6bdc7926885c7a72680d189a3c8/seed_456_dpo_w1.0.mp4,00def8c08b0a092efa8b6aa444f1bb411333d6bdc7926885c7a72680d189a3c8/seed_456_dpo_w1.0.mp4,da3,0.05578024312853813,0.705003272742033,0.08547621965408325,12.535196304321289,0.46691104769706726,0.6492230296134949,0.8939560597842278,0.6009068389733633
00e3fa12dff0aa4791ee9077de752c29a77e7b64c809c326e93f13df23c84875,seed_456_dpo_w1.0.mp4,/workspace/VideoGPA/output/replicate_8gpu/00e3fa12dff0aa4791ee9077de752c29a77e7b64c809c326e93f13df23c84875/seed_456_dpo_w1.0.mp4,00e3fa12dff0aa4791ee9077de752c29a77e7b64c809c326e93f13df23c84875/seed_456_dpo_w1.0.mp4,da3,0.0008295440347865224,0.3848836385877803,0.002321900799870491,30.811607360839844,0.9257537722587585,0.3840540945529938,0.9597013055838788,0.42282047867774963
010533f24832d83a2d2466daba201490528d132a5a2752520a4fbd98df5c1a23,seed_456_dpo_w1.0.mp4,/workspace/VideoGPA/output/replicate_8gpu/010533f24832d83a2d2466daba201490528d132a5a2752520a4fbd98df5c1a23/seed_456_dpo_w1.0.mp4,010533f24832d83a2d2466daba201490528d132a5a2752520a4fbd98df5c1a23/seed_456_dpo_w1.0.mp4,da3,0.01865769550204277,0.5013011507689953,0.01030351035296917,17.291419982910156,0.7846090197563171,0.4826434552669525,0.989561752840555,0.6480757792790731
010cf78dd4aa5f9de2c83cb366e4ac7fd44791eee7dc5234b3104f752f76b15b,seed_456_dpo_w1.0.mp4,/workspace/VideoGPA/output/replicate_8gpu/010cf78dd4aa5f9de2c83cb366e4ac7fd44791eee7dc5234b3104f752f76b15b/seed_456_dpo_w1.0.mp4,010cf78dd4aa5f9de2c83cb366e4ac7fd44791eee7dc5234b3104f752f76b15b/seed_456_dpo_w1.0.mp4,da3,0.008318002335727215,0.5307983113452792,0.08562829345464706,20.7998104095459,0.7661886215209961,0.522480309009552,0.9248346275602555,0.6800922685199313
0194be61f9f49138751dd43bc51e7a46f87cbeebf5bb3d60f94a0dd08eeaeca3,seed_456_dpo_w1.0.mp4,/workspace/VideoGPA/output/replicate_8gpu/0194be61f9f49138751dd43bc51e7a46f87cbeebf5bb3d60f94a0dd08eeaeca3/seed_456_dpo_w1.0.mp4,0194be61f9f49138751dd43bc51e7a46f87cbeebf5bb3d60f94a0dd08eeaeca3/seed_456_dpo_w1.0.mp4,da3,0.0015899637946859002,0.4314146140823141,0.03938285633921623,27.986127853393555,0.8878551721572876,0.4298246502876282,0.9246990273616056,0.615073518620597
01c4ec9845f988da2907c5013357cbeb421be08bfa062266b0b2c015d5f9a9d2,seed_456_dpo_w1.0.mp4,/workspace/VideoGPA/output/replicate_8gpu/01c4ec9845f988da2907c5013357cbeb421be08bfa062266b0b2c015d5f9a9d2/seed_456_dpo_w1.0.mp4,01c4ec9845f988da2907c5013357cbeb421be08bfa062266b0b2c015d5f9a9d2/seed_456_dpo_w1.0.mp4,da3,0.014049720019102097,0.6004866473376751,0.025360161438584328,18.523324966430664,0.5979055762290955,0.586436927318573,0.9978781922955781,0.5211689571539561
01cd1a4633b366cec002b9a7eb183a918ae2f36a05467eaa74f4cda79a54d449,seed_456_dpo_w1.0.mp4,/workspace/VideoGPA/output/replicate_8gpu/01cd1a4633b366cec002b9a7eb183a918ae2f36a05467eaa74f4cda79a54d449/seed_456_dpo_w1.0.mp4,01cd1a4633b366cec002b9a7eb183a918ae2f36a05467eaa74f4cda79a54d449/seed_456_dpo_w1.0.mp4,da3,0.005259803496301174,0.45887436624616385,0.0067471228539943695,22.790306091308594,0.8623173832893372,0.45361456274986267,0.9748408882335687,0.447671029302809
022b2aef50ac9921330737cd60f1a6d83d59f8b50840cf9b6d23bb6f664c9205,seed_456_dpo_w1.0.mp4,/workspace/VideoGPA/output/replicate_8gpu/022b2aef50ac9921330737cd60f1a6d83d59f8b50840cf9b6d23bb6f664c9205/seed_456_dpo_w1.0.mp4,022b2aef50ac9921330737cd60f1a6d83d59f8b50840cf9b6d23bb6f664c9205/seed_456_dpo_w1.0.mp4,da3,0.005123183596879244,0.40962611185386777,0.01997571811079979,22.90460205078125,0.8599464297294617,0.4045029282569885,0.9167163392493112,0.3899083998468187
028819075f0c9b19455e99a7f9a4867a160a6749151ee72ae3e87d03c49aa3d2,seed_456_dpo_w1.0.mp4,/workspace/VideoGPA/output/replicate_8gpu/028819075f0c9b19455e99a7f9a4867a160a6749151ee72ae3e87d03c49aa3d2/seed_456_dpo_w1.0.mp4,028819075f0c9b19455e99a7f9a4867a160a6749151ee72ae3e87d03c49aa3d2/seed_456_dpo_w1.0.mp4,da3,0.007793522905558348,0.48524150950834155,0.03314569965004921,21.082660675048828,0.840883731842041,0.4774479866027832,0.9920501547061097,0.5372200177775489
02edaedb5016e1c5c9d9746275e8acdcb78b38fda68b051a6b29271b0ae131de,seed_456_dpo_w1.0.mp4,/workspace/VideoGPA/output/replicate_8gpu/02edaedb5016e1c5c9d9746275e8acdcb78b38fda68b051a6b29271b0ae131de/seed_456_dpo_w1.0.mp4,02edaedb5016e1c5c9d9746275e8acdcb78b38fda68b051a6b29271b0ae131de/seed_456_dpo_w1.0.mp4,da3,0.019366176798939705,0.5707429964095354,0.01734573394060135,17.129562377929688,0.5358924269676208,0.5513768196105957,0.9839693149994528,0.485752801100413
033d379d3db90c25bd068c504d466770e4248ef6c3ab1f15a31a9e2f05874c7b,seed_456_dpo_w1.0.mp4,/workspace/VideoGPA/output/replicate_8gpu/033d379d3db90c25bd068c504d466770e4248ef6c3ab1f15a31a9e2f05874c7b/seed_456_dpo_w1.0.mp4,033d379d3db90c25bd068c504d466770e4248ef6c3ab1f15a31a9e2f05874c7b/seed_456_dpo_w1.0.mp4,da3,0.004081242717802525,0.46630650106817484,0.01990586332976818,23.89207649230957,0.8776217699050903,0.4622252583503723,0.9964792097711525,0.42994967765278286
0343987d0a3f4438bf025f759d7d019f0a0129a48f00f656fb9b6c75f6775404,seed_456_dpo_w1.0.mp4,/workspace/VideoGPA/output/replicate_8gpu/0343987d0a3f4438bf025f759d7d019f0a0129a48f00f656fb9b6c75f6775404/seed_456_dpo_w1.0.mp4,0343987d0a3f4438bf025f759d7d019f0a0129a48f00f656fb9b6c75f6775404/seed_456_dpo_w1.0.mp4,da3,0.007130389101803303,0.450881932862103,0.03771794214844704,21.468868255615234,0.8342878222465515,0.4437515437602997,0.9209280903785867,0.6277103026707967
036181161501952553b4233ebf0f5be1ab16aacb5e0299362c10b57be28e06b6,seed_456_dpo_w1.0.mp4,/workspace/VideoGPA/output/replicate_8gpu/036181161501952553b4233ebf0f5be1ab16aacb5e0299362c10b57be28e06b6/seed_456_dpo_w1.0.mp4,036181161501952553b4233ebf0f5be1ab16aacb5e0299362c10b57be28e06b6/seed_456_dpo_w1.0.mp4,da3,0.004238847643136978,0.5860900320112705,0.02349754236638546,23.727521896362305,0.7930669188499451,0.5818511843681335,0.9991771569324834,0.36379800571335685
036b0f4b8070789373dd08617539756187ed9f64bbbb6c17cfa5277815714579,seed_456_dpo_w1.0.mp4,/workspace/VideoGPA/output/replicate_8gpu/036b0f4b8070789373dd08617539756187ed9f64bbbb6c17cfa5277815714579/seed_456_dpo_w1.0.mp4,036b0f4b8070789373dd08617539756187ed9f64bbbb6c17cfa5277815714579/seed_456_dpo_w1.0.mp4,da3,0.007096073590219021,0.4841834222897887,0.02160818874835968,21.489818572998047,0.8122480511665344,0.4770873486995697,0.8002099738369617,0.5011630091402266
03780d41bd120b109e5ccd238dbe83ac00d62e57322dfce55007b2f561fdc43b,seed_456_dpo_w1.0.mp4,/workspace/VideoGPA/output/replicate_8gpu/03780d41bd120b109e5ccd238dbe83ac00d62e57322dfce55007b2f561fdc43b/seed_456_dpo_w1.0.mp4,03780d41bd120b109e5ccd238dbe83ac00d62e57322dfce55007b2f561fdc43b/seed_456_dpo_w1.0.mp4,da3,0.002667844295501709,0.38444504141807556,0.010716245509684086,25.73839569091797,0.9307518005371094,0.38177719712257385,0.9566723960974807,0.4325243963135613
03c53f58fc38f5bce2cb4301261711bc43469905c2eeca17e3fd9a6556bd6a88,seed_456_dpo_w1.0.mp4,/workspace/VideoGPA/output/replicate_8gpu/03c53f58fc38f5bce2cb4301261711bc43469905c2eeca17e3fd9a6556bd6a88/seed_456_dpo_w1.0.mp4,03c53f58fc38f5bce2cb4301261711bc43469905c2eeca17e3fd9a6556bd6a88/seed_456_dpo_w1.0.mp4,da3,0.018061436712741852,0.589235283434391,0.04559898376464844,17.432477951049805,0.6909757852554321,0.5711738467216492,0.9379594108096568,0.7945244709650675
03f5c560f5725ad6ca55fd7e6c0af4c4c7a7ca94c444a584f2a9f316d3b35ea2,seed_456_dpo_w1.0.mp4,/workspace/VideoGPA/output/replicate_8gpu/03f5c560f5725ad6ca55fd7e6c0af4c4c7a7ca94c444a584f2a9f316d3b35ea2/seed_456_dpo_w1.0.mp4,03f5c560f5725ad6ca55fd7e6c0af4c4c7a7ca94c444a584f2a9f316d3b35ea2/seed_456_dpo_w1.0.mp4,da3,0.0005474145291373134,0.3574750478146598,0.01639562100172043,32.61684036254883,0.9741544723510742,0.35692763328552246,0.9988308333403404,0.6108462976084815
04253694e8cc1ce9a9db14bdd5372beb91375c8fb0cebd43733fc9f1ecfd5e9a,seed_456_dpo_w1.0.mp4,/workspace/VideoGPA/output/replicate_8gpu/04253694e8cc1ce9a9db14bdd5372beb91375c8fb0cebd43733fc9f1ecfd5e9a/seed_456_dpo_w1.0.mp4,04253694e8cc1ce9a9db14bdd5372beb91375c8fb0cebd43733fc9f1ecfd5e9a/seed_456_dpo_w1.0.mp4,da3,0.028014620766043663,0.5649889912456274,0.08161057531833649,15.526153564453125,0.5788019299507141,0.5369743704795837,0.9262014715067652,0.6884354419178433
04603070f8ff9d79427d864cb19a1614478e82a4746379dc07506f9103961ea8,seed_456_dpo_w1.0.mp4,/workspace/VideoGPA/output/replicate_8gpu/04603070f8ff9d79427d864cb19a1614478e82a4746379dc07506f9103961ea8/seed_456_dpo_w1.0.mp4,04603070f8ff9d79427d864cb19a1614478e82a4746379dc07506f9103961ea8/seed_456_dpo_w1.0.mp4,da3,0.001789130037650466,0.41812062985263765,0.02012462727725506,27.473583221435547,0.9028488397598267,0.4163314998149872,0.9989182755634187,0.42706791228718227
04b9beb07e5d9d48198b877b2d0342e92a754d200c8eef3bacc3e2c7f94747e1,seed_456_dpo_w1.0.mp4,/workspace/VideoGPA/output/replicate_8gpu/04b9beb07e5d9d48198b877b2d0342e92a754d200c8eef3bacc3e2c7f94747e1/seed_456_dpo_w1.0.mp4,04b9beb07e5d9d48198b877b2d0342e92a754d200c8eef3bacc3e2c7f94747e1/seed_456_dpo_w1.0.mp4,da3,0.004040674772113562,0.40586616238579154,0.011613321490585804,23.935461044311523,0.8860952258110046,0.401825487613678,0.9682809180690021,0.5071426298883226
04dc353499a2cc18d2a89d5d61e99ef91dba62adcb1767566f883ad37677ba5a,seed_456_dpo_w1.0.mp4,/workspace/VideoGPA/output/replicate_8gpu/04dc353499a2cc18d2a89d5d61e99ef91dba62adcb1767566f883ad37677ba5a/seed_456_dpo_w1.0.mp4,04dc353499a2cc18d2a89d5d61e99ef91dba62adcb1767566f883ad37677ba5a/seed_456_dpo_w1.0.mp4,da3,0.0031837241258472204,0.42799848481081426,0.02666464075446129,24.97064781188965,0.9131866693496704,0.42481476068496704,0.9986913336280316,0.6556562781333923
050bedc5622e4dfd7528217b7694266e7bbe18d23f899ab6705fa1d6513ac72d,seed_456_dpo_w1.0.mp4,/workspace/VideoGPA/output/replicate_8gpu/050bedc5622e4dfd7528217b7694266e7bbe18d23f899ab6705fa1d6513ac72d/seed_456_dpo_w1.0.mp4,050bedc5622e4dfd7528217b7694266e7bbe18d23f899ab6705fa1d6513ac72d/seed_456_dpo_w1.0.mp4,da3,0.009682855568826199,0.42655306216329336,0.0193408764898777,20.139965057373047,0.8328296542167664,0.41687020659446716,0.9290886268487042,0.3801877200603485
052e3e6371272bb633487276b4e7aebad6ca8886a547bf04775a0e6b6b56a7b0,seed_456_dpo_w1.0.mp4,/workspace/VideoGPA/output/replicate_8gpu/052e3e6371272bb633487276b4e7aebad6ca8886a547bf04775a0e6b6b56a7b0/seed_456_dpo_w1.0.mp4,052e3e6371272bb633487276b4e7aebad6ca8886a547bf04775a0e6b6b56a7b0/seed_456_dpo_w1.0.mp4,da3,0.047189369797706604,0.674328163266182,0.018186083063483238,13.261558532714844,0.4650977551937103,0.6271387934684753,0.8960323906940952,0.6576475467946794
055a07eca9dd8c5e95c2e6e2bb9f83691cfc835415e76d2dc99e75d59f502513,seed_456_dpo_w1.0.mp4,/workspace/VideoGPA/output/replicate_8gpu/055a07eca9dd8c5e95c2e6e2bb9f83691cfc835415e76d2dc99e75d59f502513/seed_456_dpo_w1.0.mp4,055a07eca9dd8c5e95c2e6e2bb9f83691cfc835415e76d2dc99e75d59f502513/seed_456_dpo_w1.0.mp4,da3,0.0028884459752589464,0.38322273385711014,0.012878576293587685,25.393360137939453,0.9341468811035156,0.3803342878818512,0.9985392527453827,0.4917220307721032
056d915100f84a301df23477002d6b250c73db29351e4cb87f4e9346d6b370ea,seed_456_dpo_w1.0.mp4,/workspace/VideoGPA/output/replicate_8gpu/056d915100f84a301df23477002d6b250c73db29351e4cb87f4e9346d6b370ea/seed_456_dpo_w1.0.mp4,056d915100f84a301df23477002d6b250c73db29351e4cb87f4e9346d6b370ea/seed_456_dpo_w1.0.mp4,da3,0.0038355104625225067,0.39039016887545586,0.004194526933133602,24.161767959594727,0.88555508852005,0.38655465841293335,0.942283541952446,0.3738284806410472
056f10c6b6e4ae3aef042286b65d19278b14ad03d3f8144e70b42af5950b3f90,seed_456_dpo_w1.0.mp4,/workspace/VideoGPA/output/replicate_8gpu/056f10c6b6e4ae3aef042286b65d19278b14ad03d3f8144e70b42af5950b3f90/seed_456_dpo_w1.0.mp4,056f10c6b6e4ae3aef042286b65d19278b14ad03d3f8144e70b42af5950b3f90/seed_456_dpo_w1.0.mp4,da3,0.004077705554664135,0.3964548734948039,0.058718737214803696,23.89583969116211,0.8726179003715515,0.39237716794013977,0.9766376292683662,0.6323155826992459
05aca9a7a430b3ff3a40e2d7e374ae5ff9b1a499e1e99b00279b8cea37e7c317,seed_456_dpo_w1.0.mp4,/workspace/VideoGPA/output/replicate_8gpu/05aca9a7a430b3ff3a40e2d7e374ae5ff9b1a499e1e99b00279b8cea37e7c317/seed_456_dpo_w1.0.mp4,05aca9a7a430b3ff3a40e2d7e374ae5ff9b1a499e1e99b00279b8cea37e7c317/seed_456_dpo_w1.0.mp4,da3,0.003430306212976575,0.43485882808454335,0.08341825008392334,24.646671295166016,0.8934114575386047,0.4314285218715668,0.9644507739996214,0.7173010044627719
05c8b23b4c3a186d81efad50fd82be9841b694b5edd818f6f23619a494936746,seed_456_dpo_w1.0.mp4,/workspace/VideoGPA/output/replicate_8gpu/05c8b23b4c3a186d81efad50fd82be9841b694b5edd818f6f23619a494936746/seed_456_dpo_w1.0.mp4,05c8b23b4c3a186d81efad50fd82be9841b694b5edd818f6f23619a494936746/seed_456_dpo_w1.0.mp4,da3,0.0014247073559090495,0.3354210926918313,0.009177152998745441,28.462745666503906,0.952655017375946,0.33399638533592224,0.9992040880454236,0.4000863797134823
0602fa4dc0f80c82534f1d5d39977732143a7f87f5524bf68cc85f93760f4121,seed_456_dpo_w1.0.mp4,/workspace/VideoGPA/output/replicate_8gpu/0602fa4dc0f80c82534f1d5d39977732143a7f87f5524bf68cc85f93760f4121/seed_456_dpo_w1.0.mp4,0602fa4dc0f80c82534f1d5d39977732143a7f87f5524bf68cc85f93760f4121/seed_456_dpo_w1.0.mp4,da3,0.004762902390211821,0.4545259620063007,0.028515635058283806,23.221282958984375,0.8189355134963989,0.44976305961608887,0.8657573531739017,0.7246175408363342
068bda6b2f8abe1eb088f3f819b7dfcb8dc354c2fbd3a2d29baa53be06d00f40,seed_456_dpo_w1.0.mp4,/workspace/VideoGPA/output/replicate_8gpu/068bda6b2f8abe1eb088f3f819b7dfcb8dc354c2fbd3a2d29baa53be06d00f40/seed_456_dpo_w1.0.mp4,068bda6b2f8abe1eb088f3f819b7dfcb8dc354c2fbd3a2d29baa53be06d00f40/seed_456_dpo_w1.0.mp4,da3,0.009227014146745205,0.4832285111770034,0.026602931320667267,20.349388122558594,0.7469097971916199,0.4740014970302582,0.966464759031353,0.4682493971453773
0693916e1ca5ec48e36fa9af64352f2128facc305eb9af9391e85fdb8480a601,seed_456_dpo_w1.0.mp4,/workspace/VideoGPA/output/replicate_8gpu/0693916e1ca5ec48e36fa9af64352f2128facc305eb9af9391e85fdb8480a601/seed_456_dpo_w1.0.mp4,0693916e1ca5ec48e36fa9af64352f2128facc305eb9af9391e85fdb8480a601/seed_456_dpo_w1.0.mp4,da3,0.0069840759970247746,0.495897373650223,0.004035418853163719,21.55891227722168,0.7556406259536743,0.48891329765319824,0.9800542182094385,0.3566094736258189
0742f6f08fec5b4ad92c1720fa53408780a8adb4dad0e92c8817a4f46c45074b,seed_456_dpo_w1.0.mp4,/workspace/VideoGPA/output/replicate_8gpu/0742f6f08fec5b4ad92c1720fa53408780a8adb4dad0e92c8817a4f46c45074b/seed_456_dpo_w1.0.mp4,0742f6f08fec5b4ad92c1720fa53408780a8adb4dad0e92c8817a4f46c45074b/seed_456_dpo_w1.0.mp4,da3,0.0009932892862707376,0.2952445822302252,0.002764458302408457,30.02924346923828,0.9645084738731384,0.29425129294395447,0.9851578758330382,0.42828485038545394
07439544cfe342ced9fbf5cb6184b14e6d099d00edff8e4e212b8b86dcb7c121,seed_456_dpo_w1.0.mp4,/workspace/VideoGPA/output/replicate_8gpu/07439544cfe342ced9fbf5cb6184b14e6d099d00edff8e4e212b8b86dcb7c121/seed_456_dpo_w1.0.mp4,07439544cfe342ced9fbf5cb6184b14e6d099d00edff8e4e212b8b86dcb7c121/seed_456_dpo_w1.0.mp4,da3,0.006846305448561907,0.45869281562045217,0.02596224844455719,21.645435333251953,0.8410555124282837,0.45184651017189026,0.9472569519327398,0.5002636379665799
074b65972001df859504b51561de914b800856c49debd41ded904ed1b2e196bd,seed_456_dpo_w1.0.mp4,/workspace/VideoGPA/output/replicate_8gpu/074b65972001df859504b51561de914b800856c49debd41ded904ed1b2e196bd/seed_456_dpo_w1.0.mp4,074b65972001df859504b51561de914b800856c49debd41ded904ed1b2e196bd/seed_456_dpo_w1.0.mp4,da3,0.03879527747631073,0.6975892633199692,0.14124031364917755,14.112211227416992,0.47669658064842224,0.6587939858436584,0.9475040945230989,1.0579766167534723
0776bac9491fb1b9c957c871d9093ac5131fb35d6a6e99eb4e7e39671f768766,seed_456_dpo_w1.0.mp4,/workspace/VideoGPA/output/replicate_8gpu/0776bac9491fb1b9c957c871d9093ac5131fb35d6a6e99eb4e7e39671f768766/seed_456_dpo_w1.0.mp4,0776bac9491fb1b9c957c871d9093ac5131fb35d6a6e99eb4e7e39671f768766/seed_456_dpo_w1.0.mp4,da3,0.013548954389989376,0.5135453483089805,0.009616900235414505,18.68094253540039,0.6798030734062195,0.4999963939189911,0.84640028374841,0.6437866356637743
0777b243c09e2dff3274f46aa43d412faaec9bf5731c213c92571af668c606f0,seed_456_dpo_w1.0.mp4,/workspace/VideoGPA/output/replicate_8gpu/0777b243c09e2dff3274f46aa43d412faaec9bf5731c213c92571af668c606f0/seed_456_dpo_w1.0.mp4,0777b243c09e2dff3274f46aa43d412faaec9bf5731c213c92571af668c606f0/seed_456_dpo_w1.0.mp4,da3,0.018281240016222,0.618417639285326,0.010173618793487549,17.37994384765625,0.598355233669281,0.600136399269104,0.9921220156248448,0.5762333207660251
077de0554f2217ec92dfd64b78e8036aa2ea8349819aef924e77beedd975a51c,seed_456_dpo_w1.0.mp4,/workspace/VideoGPA/output/replicate_8gpu/077de0554f2217ec92dfd64b78e8036aa2ea8349819aef924e77beedd975a51c/seed_456_dpo_w1.0.mp4,077de0554f2217ec92dfd64b78e8036aa2ea8349819aef924e77beedd975a51c/seed_456_dpo_w1.0.mp4,da3,0.029065217822790146,0.618337120860815,0.019607078284025192,15.366264343261719,0.6331135034561157,0.5892719030380249,0.9959952065988928,0.802486413054996
079fa662f29b06eda156a5f76255541aa2581e0bccd257c6a48103f271cea191,seed_456_dpo_w1.0.mp4,/workspace/VideoGPA/output/replicate_8gpu/079fa662f29b06eda156a5f76255541aa2581e0bccd257c6a48103f271cea191/seed_456_dpo_w1.0.mp4,079fa662f29b06eda156a5f76255541aa2581e0bccd257c6a48103f271cea191/seed_456_dpo_w1.0.mp4,da3,0.03147459775209427,0.6182498410344124,0.02391747012734413,15.02039909362793,0.5468568205833435,0.5867752432823181,0.9443993614284799,0.8498402900165982
07d469b7e483a73bc6f8ab305e00f6b4fb3c4e9745a32b0f7df028aae265d8f7,seed_456_dpo_w1.0.mp4,/workspace/VideoGPA/output/replicate_8gpu/07d469b7e483a73bc6f8ab305e00f6b4fb3c4e9745a32b0f7df028aae265d8f7/seed_456_dpo_w1.0.mp4,07d469b7e483a73bc6f8ab305e00f6b4fb3c4e9745a32b0f7df028aae265d8f7/seed_456_dpo_w1.0.mp4,da3,0.006764301564544439,0.457778403069824,0.03475875407457352,21.697769165039062,0.7629864811897278,0.45101410150527954,0.7654026522503525,0.6988919642236497
07dea22dcbe1fbd7a85370a48091cd46cdf395a81464de82c7f7d71461973518,seed_456_dpo_w1.0.mp4,/workspace/VideoGPA/output/replicate_8gpu/07dea22dcbe1fbd7a85370a48091cd46cdf395a81464de82c7f7d71461973518/seed_456_dpo_w1.0.mp4,07dea22dcbe1fbd7a85370a48091cd46cdf395a81464de82c7f7d71461973518/seed_456_dpo_w1.0.mp4,da3,0.0016050199046730995,0.3046074667945504,0.005270074587315321,27.9451961517334,0.958914577960968,0.3030024468898773,0.9478844576930057,0.44925101266966927
0850228cdbf7df721a10d73003db4b8d9d83e17c480b79a6d5d643eff6c8c163,seed_456_dpo_w1.0.mp4,/workspace/VideoGPA/output/replicate_8gpu/0850228cdbf7df721a10d73003db4b8d9d83e17c480b79a6d5d643eff6c8c163/seed_456_dpo_w1.0.mp4,0850228cdbf7df721a10d73003db4b8d9d83e17c480b79a6d5d643eff6c8c163/seed_456_dpo_w1.0.mp4,da3,0.016577158123254776,0.5402099825441837,0.05898156389594078,17.804899215698242,0.7774530649185181,0.523632824420929,0.975681080845107,0.5255836745103201
089c0262673d945f7e333635321ce6d6065238ce96ae50c7f36d078cf15b601f,seed_456_dpo_w1.0.mp4,/workspace/VideoGPA/output/replicate_8gpu/089c0262673d945f7e333635321ce6d6065238ce96ae50c7f36d078cf15b601f/seed_456_dpo_w1.0.mp4,089c0262673d945f7e333635321ce6d6065238ce96ae50c7f36d078cf15b601f/seed_456_dpo_w1.0.mp4,da3,0.0034425132907927036,0.3851860039867461,0.00281326100230217,24.631244659423828,0.8053467869758606,0.38174349069595337,0.9837171478629693,0.4826628698243035
09faef52cd70e3c604c7b82a74239dae84d2a8f05d6daaae8bdd8f9659ff40fd,seed_456_dpo_w1.0.mp4,/workspace/VideoGPA/output/replicate_8gpu/09faef52cd70e3c604c7b82a74239dae84d2a8f05d6daaae8bdd8f9659ff40fd/seed_456_dpo_w1.0.mp4,09faef52cd70e3c604c7b82a74239dae84d2a8f05d6daaae8bdd8f9659ff40fd/seed_456_dpo_w1.0.mp4,da3,0.007818026468157768,0.43766201846301556,0.0033079758286476135,21.069028854370117,0.8211336135864258,0.4298439919948578,0.9974314791252548,0.37807054652108085
0a1b7c20a92c43c6b8954b1ac909fb2f0fa8b2997b80604bc8bbec80a1cb2da3,seed_456_dpo_w1.0.mp4,/workspace/VideoGPA/output/replicate_8gpu/0a1b7c20a92c43c6b8954b1ac909fb2f0fa8b2997b80604bc8bbec80a1cb2da3/seed_456_dpo_w1.0.mp4,0a1b7c20a92c43c6b8954b1ac909fb2f0fa8b2997b80604bc8bbec80a1cb2da3/seed_456_dpo_w1.0.mp4,da3,0.03031337819993496,0.5845394190400839,0.005267865024507046,15.1836576461792,0.6743584275245667,0.5542260408401489,0.9912174639489689,0.5458685391479068
0a4151528bffc2ced33f2dd932b482a22a179bca95e5db00c6ca95d5147b9f50,seed_456_dpo_w1.0.mp4,/workspace/VideoGPA/output/replicate_8gpu/0a4151528bffc2ced33f2dd932b482a22a179bca95e5db00c6ca95d5147b9f50/seed_456_dpo_w1.0.mp4,0a4151528bffc2ced33f2dd932b482a22a179bca95e5db00c6ca95d5147b9f50/seed_456_dpo_w1.0.mp4,da3,0.014867355115711689,0.532220353372395,0.03437316045165062,18.277664184570312,0.6319932341575623,0.5173529982566833,0.489321562505164,0.6830143729845682
0a45aa466f114e6daa13a82775e7bd5fc295e37a1e3d61deb3741a7e7a1b1f8a,seed_456_dpo_w1.0.mp4,/workspace/VideoGPA/output/replicate_8gpu/0a45aa466f114e6daa13a82775e7bd5fc295e37a1e3d61deb3741a7e7a1b1f8a/seed_456_dpo_w1.0.mp4,0a45aa466f114e6daa13a82775e7bd5fc295e37a1e3d61deb3741a7e7a1b1f8a/seed_456_dpo_w1.0.mp4,da3,0.08530940115451813,0.7176241427659988,0.06123417988419533,10.690031051635742,0.36165428161621094,0.6323147416114807,0.9496557385944683,1.2334355115890503
0a6c01ac3212768772f8f6eca86314c72d5ca320c3e3def148ddaceab23c07f4,seed_456_dpo_w1.0.mp4,/workspace/VideoGPA/output/replicate_8gpu/0a6c01ac3212768772f8f6eca86314c72d5ca320c3e3def148ddaceab23c07f4/seed_456_dpo_w1.0.mp4,0a6c01ac3212768772f8f6eca86314c72d5ca320c3e3def148ddaceab23c07f4/seed_456_dpo_w1.0.mp4,da3,0.0023841429501771927,0.4888321626931429,0.005879531614482403,26.22667694091797,0.8880829215049744,0.4864480197429657,0.9969829387641216,0.41376176807615495
0a78c25f77c1ba1d1a3f07c18c9735ae1254a9a71290734b8836eefbefaadbc7,seed_456_dpo_w1.0.mp4,/workspace/VideoGPA/output/replicate_8gpu/0a78c25f77c1ba1d1a3f07c18c9735ae1254a9a71290734b8836eefbefaadbc7/seed_456_dpo_w1.0.mp4,0a78c25f77c1ba1d1a3f07c18c9735ae1254a9a71290734b8836eefbefaadbc7/seed_456_dpo_w1.0.mp4,da3,0.0094062564894557,0.4876914797350764,0.03430584445595741,20.265830993652344,0.7753577828407288,0.4782852232456207,0.9607370871987031,0.48497332135836285
0b328f5b774157256ac3851a51b544039f5a3dfdff2f2c901beee768e6e41fcf,seed_456_dpo_w1.0.mp4,/workspace/VideoGPA/output/replicate_8gpu/0b328f5b774157256ac3851a51b544039f5a3dfdff2f2c901beee768e6e41fcf/seed_456_dpo_w1.0.mp4,0b328f5b774157256ac3851a51b544039f5a3dfdff2f2c901beee768e6e41fcf/seed_456_dpo_w1.0.mp4,da3,0.0036479614209383726,0.3875483355950564,0.015108236111700535,24.379499435424805,0.9015340805053711,0.38390037417411804,0.9663136437603336,0.4415225121710036
0b5635d53b3b33294d7e49d75d96046c1157ad0713571138e51f1524a164cfce,seed_456_dpo_w1.0.mp4,/workspace/VideoGPA/output/replicate_8gpu/0b5635d53b3b33294d7e49d75d96046c1157ad0713571138e51f1524a164cfce/seed_456_dpo_w1.0.mp4,0b5635d53b3b33294d7e49d75d96046c1157ad0713571138e51f1524a164cfce/seed_456_dpo_w1.0.mp4,da3,0.020132623612880707,0.60811498016119,0.07469327002763748,16.960996627807617,0.6045598387718201,0.5879823565483093,0.8179836570029857,0.595207068655226
0bf7b4f02c70d8d2a71065c5f0de346c8d7210af7448870da68edb3d58071bfb,seed_456_dpo_w1.0.mp4,/workspace/VideoGPA/output/replicate_8gpu/0bf7b4f02c70d8d2a71065c5f0de346c8d7210af7448870da68edb3d58071bfb/seed_456_dpo_w1.0.mp4,0bf7b4f02c70d8d2a71065c5f0de346c8d7210af7448870da68edb3d58071bfb/seed_456_dpo_w1.0.mp4,da3,0.0029273834079504013,0.4066201951354742,0.014323404990136623,25.335205078125,0.9564318656921387,0.4036928117275238,0.9988184213995954,0.4199724892775218
0bfab69b5b2b692d066b4435f2f6406357772aa53a3e17c3e0b8598083848a7a,seed_456_dpo_w1.0.mp4,/workspace/VideoGPA/output/replicate_8gpu/0bfab69b5b2b692d066b4435f2f6406357772aa53a3e17c3e0b8598083848a7a/seed_456_dpo_w1.0.mp4,0bfab69b5b2b692d066b4435f2f6406357772aa53a3e17c3e0b8598083848a7a/seed_456_dpo_w1.0.mp4,da3,0.0033334014005959034,0.4157244977541268,0.03193541616201401,24.77112579345703,0.9021523594856262,0.4123910963535309,0.999074475030375,0.5262526373068491
0c6f5d61c7936a255784bc6ffae6f4055e6a00482581b20f031ef02905009e46,seed_456_dpo_w1.0.mp4,/workspace/VideoGPA/output/replicate_8gpu/0c6f5d61c7936a255784bc6ffae6f4055e6a00482581b20f031ef02905009e46/seed_456_dpo_w1.0.mp4,0c6f5d61c7936a255784bc6ffae6f4055e6a00482581b20f031ef02905009e46/seed_456_dpo_w1.0.mp4,da3,0.04246079921722412,0.637850821018219,0.11604024469852448,13.72011947631836,0.5781208872795105,0.5953900218009949,0.9846448989626019,0.8397232956356473
0c7c65cc7dee6b43fdfd64af290be4146a8e09e7817eade9d5e10f67cfa245f6,seed_456_dpo_w1.0.mp4,/workspace/VideoGPA/output/replicate_8gpu/0c7c65cc7dee6b43fdfd64af290be4146a8e09e7817eade9d5e10f67cfa245f6/seed_456_dpo_w1.0.mp4,0c7c65cc7dee6b43fdfd64af290be4146a8e09e7817eade9d5e10f67cfa245f6/seed_456_dpo_w1.0.mp4,da3,0.008808812126517296,0.4137882497161627,0.008986555971205235,20.550827026367188,0.820649266242981,0.4049794375896454,0.9985045538321184,0.4891091850068834
0de066d59107da7fa259b5f99962d164c926b85a49dcb057bcc793937ae34a10,seed_456_dpo_w1.0.mp4,/workspace/VideoGPA/output/replicate_8gpu/0de066d59107da7fa259b5f99962d164c926b85a49dcb057bcc793937ae34a10/seed_456_dpo_w1.0.mp4,0de066d59107da7fa259b5f99962d164c926b85a49dcb057bcc793937ae34a10/seed_456_dpo_w1.0.mp4,da3,0.004070437978953123,0.4740213225595653,0.022002791985869408,23.903589248657227,0.80403071641922,0.4699508845806122,0.9266234457972995,0.48527876204914516
0de7a53aad7ddffd26f7db5d3f7ce61d27b3344de2b037289443259da7dac805,seed_456_dpo_w1.0.mp4,/workspace/VideoGPA/output/replicate_8gpu/0de7a53aad7ddffd26f7db5d3f7ce61d27b3344de2b037289443259da7dac805/seed_456_dpo_w1.0.mp4,0de7a53aad7ddffd26f7db5d3f7ce61d27b3344de2b037289443259da7dac805/seed_456_dpo_w1.0.mp4,da3,0.004084508400410414,0.4085512268356979,0.04265931621193886,23.88860321044922,0.8945813179016113,0.4044667184352875,0.9307809592147784,0.6381297608216604
0e155e942fdb70ca7cc4fb8aae606604896f02b9db57717124a9991da0a6abad,seed_456_dpo_w1.0.mp4,/workspace/VideoGPA/output/replicate_8gpu/0e155e942fdb70ca7cc4fb8aae606604896f02b9db57717124a9991da0a6abad/seed_456_dpo_w1.0.mp4,0e155e942fdb70ca7cc4fb8aae606604896f02b9db57717124a9991da0a6abad/seed_456_dpo_w1.0.mp4,da3,0.0020127573516219854,0.4056164005305618,0.03130204603075981,26.962085723876953,0.9225391745567322,0.4036036431789398,0.999304510057321,0.5780215462048849
0e24a8c5a728a4d0f1d3d131ca339a93da01b119e6c01bb7b290fad3a201816f,seed_456_dpo_w1.0.mp4,/workspace/VideoGPA/output/replicate_8gpu/0e24a8c5a728a4d0f1d3d131ca339a93da01b119e6c01bb7b290fad3a201816f/seed_456_dpo_w1.0.mp4,0e24a8c5a728a4d0f1d3d131ca339a93da01b119e6c01bb7b290fad3a201816f/seed_456_dpo_w1.0.mp4,da3,0.011020828038454056,0.5405849106609821,0.04349976405501366,19.577857971191406,0.7395187616348267,0.5295640826225281,0.9301284444797497,0.5168192088603973
0e90a9d4b08fac209c89aa412e17e36be1d7d829c5ab2e58bfa0b0f492c54e94,seed_456_dpo_w1.0.mp4,/workspace/VideoGPA/output/replicate_8gpu/0e90a9d4b08fac209c89aa412e17e36be1d7d829c5ab2e58bfa0b0f492c54e94/seed_456_dpo_w1.0.mp4,0e90a9d4b08fac209c89aa412e17e36be1d7d829c5ab2e58bfa0b0f492c54e94/seed_456_dpo_w1.0.mp4,da3,0.043740659952163696,0.7075806558132172,0.02125241421163082,13.591147422790527,0.33886903524398804,0.6638399958610535,0.9976252080104057,0.43145088685883415
0ef7c0d6e3f22768d008ba1c4f1a9003fbebc9859e5fc9fbd14af61879f798e3,seed_456_dpo_w1.0.mp4,/workspace/VideoGPA/output/replicate_8gpu/0ef7c0d6e3f22768d008ba1c4f1a9003fbebc9859e5fc9fbd14af61879f798e3/seed_456_dpo_w1.0.mp4,0ef7c0d6e3f22768d008ba1c4f1a9003fbebc9859e5fc9fbd14af61879f798e3/seed_456_dpo_w1.0.mp4,da3,0.015566320158541203,0.5430245706811547,0.010003452189266682,18.078140258789062,0.7645336985588074,0.5274582505226135,0.9216107774791454,0.42537885904312134
0f622eaabc6dce5039205fc8828455202f40c6adab371ab707bd1e89a2f86a2e,seed_456_dpo_w1.0.mp4,/workspace/VideoGPA/output/replicate_8gpu/0f622eaabc6dce5039205fc8828455202f40c6adab371ab707bd1e89a2f86a2e/seed_456_dpo_w1.0.mp4,0f622eaabc6dce5039205fc8828455202f40c6adab371ab707bd1e89a2f86a2e/seed_456_dpo_w1.0.mp4,da3,0.013808542862534523,0.5013404134660959,0.03390540927648544,18.598522186279297,0.739527702331543,0.4875318706035614,0.9884395033100736,0.6767597993214926
0f638de8c5c80d3d71bd2d007d440e64588bd49714bf460212497ed57a531ab4,seed_456_dpo_w1.0.mp4,/workspace/VideoGPA/output/replicate_8gpu/0f638de8c5c80d3d71bd2d007d440e64588bd49714bf460212497ed57a531ab4/seed_456_dpo_w1.0.mp4,0f638de8c5c80d3d71bd2d007d440e64588bd49714bf460212497ed57a531ab4/seed_456_dpo_w1.0.mp4,da3,0.0155210355296731,0.47453145775943995,0.04058052599430084,18.09079360961914,0.7771688103675842,0.45901042222976685,0.8995042045797339,0.5429602331585355
0fc5ed68d19ef648aae46287d09ef378388358a66e1867b5448f3ae11c1fdf25,seed_456_dpo_w1.0.mp4,/workspace/VideoGPA/output/replicate_8gpu/0fc5ed68d19ef648aae46287d09ef378388358a66e1867b5448f3ae11c1fdf25/seed_456_dpo_w1.0.mp4,0fc5ed68d19ef648aae46287d09ef378388358a66e1867b5448f3ae11c1fdf25/seed_456_dpo_w1.0.mp4,da3,0.0024231732822954655,0.3385569811798632,0.003521514590829611,26.156156539916992,0.9139783978462219,0.33613380789756775,0.9787276003564662,0.4485442505942451
1025f0686d72bde0daaf718c1149c7d1dfcf975040e2c0e3bac3184ad700eab8,seed_456_dpo_w1.0.mp4,/workspace/VideoGPA/output/replicate_8gpu/1025f0686d72bde0daaf718c1149c7d1dfcf975040e2c0e3bac3184ad700eab8/seed_456_dpo_w1.0.mp4,1025f0686d72bde0daaf718c1149c7d1dfcf975040e2c0e3bac3184ad700eab8/seed_456_dpo_w1.0.mp4,da3,0.020804697647690773,0.5202884916216135,0.04680933430790901,16.81838607788086,0.6590206027030945,0.49948379397392273,0.9858029265550132,0.675203972392612
103a4f1ba8fc0677a5ad6248f6a81d0233851d003316b44358abd159509475c2,seed_456_dpo_w1.0.mp4,/workspace/VideoGPA/output/replicate_8gpu/103a4f1ba8fc0677a5ad6248f6a81d0233851d003316b44358abd159509475c2/seed_456_dpo_w1.0.mp4,103a4f1ba8fc0677a5ad6248f6a81d0233851d003316b44358abd159509475c2/seed_456_dpo_w1.0.mp4,da3,0.003942846320569515,0.44480547215789557,0.008364099077880383,24.041902542114258,0.8474618196487427,0.44086262583732605,0.9930510165644223,0.43237874905268353
1061e37c81beab5b7ae2a0dbdefd5e8af848ea721e7ff08c4a78902ff9b19925,seed_456_dpo_w1.0.mp4,/workspace/VideoGPA/output/replicate_8gpu/1061e37c81beab5b7ae2a0dbdefd5e8af848ea721e7ff08c4a78902ff9b19925/seed_456_dpo_w1.0.mp4,1061e37c81beab5b7ae2a0dbdefd5e8af848ea721e7ff08c4a78902ff9b19925/seed_456_dpo_w1.0.mp4,da3,0.0038956725038588047,0.3899656259454787,0.02372005209326744,24.09417724609375,0.8928972482681274,0.3860699534416199,0.9700974997908406,0.5820546878708733
1081d2d0d9fac68ded196b1b0f5d157e0a1e887b50c698edb715a5d536df09b1,seed_456_dpo_w1.0.mp4,/workspace/VideoGPA/output/replicate_8gpu/1081d2d0d9fac68ded196b1b0f5d157e0a1e887b50c698edb715a5d536df09b1/seed_456_dpo_w1.0.mp4,1081d2d0d9fac68ded196b1b0f5d157e0a1e887b50c698edb715a5d536df09b1/seed_456_dpo_w1.0.mp4,da3,0.005334009416401386,0.4438025252893567,0.013073460198938847,22.729463577270508,0.8712181448936462,0.4384685158729553,0.9941812958531786,0.42622603641615975
10a7f0cde2c6db7d74763e7d1ea15201cac71a0724d77c31a072d893a90fd7ca,seed_456_dpo_w1.0.mp4,/workspace/VideoGPA/output/replicate_8gpu/10a7f0cde2c6db7d74763e7d1ea15201cac71a0724d77c31a072d893a90fd7ca/seed_456_dpo_w1.0.mp4,10a7f0cde2c6db7d74763e7d1ea15201cac71a0724d77c31a072d893a90fd7ca/seed_456_dpo_w1.0.mp4,da3,0.01404937170445919,0.5414705481380224,0.017243970185518265,18.5234317779541,0.6945045590400696,0.5274211764335632,0.9946930387898733,0.5551630092991723
10ce285298eef1bad72ae9ef7359ad5a495be13433dded078e049c3df3365408,seed_456_dpo_w1.0.mp4,/workspace/VideoGPA/output/replicate_8gpu/10ce285298eef1bad72ae9ef7359ad5a495be13433dded078e049c3df3365408/seed_456_dpo_w1.0.mp4,10ce285298eef1bad72ae9ef7359ad5a495be13433dded078e049c3df3365408/seed_456_dpo_w1.0.mp4,da3,0.03020131029188633,0.6721042338758707,0.20237700641155243,15.199742317199707,0.5123178362846375,0.6419029235839844,0.9164404226583697,1.224442183971405
10e39f37e37a8aa7fcc734e0decf55d05f29e18b2aac0c2ba77e7c76f314abad,seed_456_dpo_w1.0.mp4,/workspace/VideoGPA/output/replicate_8gpu/10e39f37e37a8aa7fcc734e0decf55d05f29e18b2aac0c2ba77e7c76f314abad/seed_456_dpo_w1.0.mp4,10e39f37e37a8aa7fcc734e0decf55d05f29e18b2aac0c2ba77e7c76f314abad/seed_456_dpo_w1.0.mp4,da3,0.0031640534289181232,0.32959628151729703,0.0027681707870215178,24.997562408447266,0.9394667744636536,0.3264322280883789,0.9986008803905863,0.38563837938838536
10ece64d5be441fb1bd351d201d629bc17eefe9ca706c77a5f6cd1af4fa7b1f3,seed_456_dpo_w1.0.mp4,/workspace/VideoGPA/output/replicate_8gpu/10ece64d5be441fb1bd351d201d629bc17eefe9ca706c77a5f6cd1af4fa7b1f3/seed_456_dpo_w1.0.mp4,10ece64d5be441fb1bd351d201d629bc17eefe9ca706c77a5f6cd1af4fa7b1f3/seed_456_dpo_w1.0.mp4,da3,0.004252634942531586,0.4413284584879875,0.034214843064546585,23.71341896057129,0.8865333795547485,0.43707582354545593,0.9563823930969314,0.40740280350049335
111b656feff1b7c6f888b3ab5fb37969597a53c8d91cc447614406960d0b6383,seed_456_dpo_w1.0.mp4,/workspace/VideoGPA/output/replicate_8gpu/111b656feff1b7c6f888b3ab5fb37969597a53c8d91cc447614406960d0b6383/seed_456_dpo_w1.0.mp4,111b656feff1b7c6f888b3ab5fb37969597a53c8d91cc447614406960d0b6383/seed_456_dpo_w1.0.mp4,da3,0.002348856069147587,0.3689448097720742,0.011376247741281986,26.29143714904785,0.9214447140693665,0.36659595370292664,0.9987105430976673,0.396433475944731
114adf5c2de3beca3f9dfc4c40550ff2807f69f69a236dd7a5c079cd7ae7c262,seed_456_dpo_w1.0.mp4,/workspace/VideoGPA/output/replicate_8gpu/114adf5c2de3beca3f9dfc4c40550ff2807f69f69a236dd7a5c079cd7ae7c262/seed_456_dpo_w1.0.mp4,114adf5c2de3beca3f9dfc4c40550ff2807f69f69a236dd7a5c079cd7ae7c262/seed_456_dpo_w1.0.mp4,da3,0.004738805815577507,0.5156724434345961,0.00747979711741209,23.24331283569336,0.844167172908783,0.5109336376190186,0.9983235182996191,0.45258040229479474
11831da4c16e2e25347cad97d2bba2f3e0f63dcbea6567a6f0eee4534cdf1dcf,seed_456_dpo_w1.0.mp4,/workspace/VideoGPA/output/replicate_8gpu/11831da4c16e2e25347cad97d2bba2f3e0f63dcbea6567a6f0eee4534cdf1dcf/seed_456_dpo_w1.0.mp4,11831da4c16e2e25347cad97d2bba2f3e0f63dcbea6567a6f0eee4534cdf1dcf/seed_456_dpo_w1.0.mp4,da3,0.005987613461911678,0.42300799395889044,0.007923523895442486,22.227462768554688,0.872126042842865,0.41702038049697876,0.9951120891562735,0.46208518081241184
118a7b19306ba5f85761dc88dae92ded99272f97b35edcb6c545359c2616b5b3,seed_456_dpo_w1.0.mp4,/workspace/VideoGPA/output/replicate_8gpu/118a7b19306ba5f85761dc88dae92ded99272f97b35edcb6c545359c2616b5b3/seed_456_dpo_w1.0.mp4,118a7b19306ba5f85761dc88dae92ded99272f97b35edcb6c545359c2616b5b3/seed_456_dpo_w1.0.mp4,da3,0.009102228097617626,0.4476522235199809,0.0051859659142792225,20.408523559570312,0.8187269568443298,0.4385499954223633,0.9988296406393258,0.35616892245080733
118c08ef7cb92f466525cf0f6e3f116222a281f3cc844bfce5ab46c2b22acb07,seed_456_dpo_w1.0.mp4,/workspace/VideoGPA/output/replicate_8gpu/118c08ef7cb92f466525cf0f6e3f116222a281f3cc844bfce5ab46c2b22acb07/seed_456_dpo_w1.0.mp4,118c08ef7cb92f466525cf0f6e3f116222a281f3cc844bfce5ab46c2b22acb07/seed_456_dpo_w1.0.mp4,da3,0.005877216812223196,0.47644340014085174,0.0038216961547732353,22.30828285217285,0.7607453465461731,0.47056618332862854,0.9246563246535046,0.49694716599252486
12aa6a12145314fb4cdf7fc725fc1cd089fe6ce3763bfc48f27a603db9af99c7,seed_456_dpo_w1.0.mp4,/workspace/VideoGPA/output/replicate_8gpu/12aa6a12145314fb4cdf7fc725fc1cd089fe6ce3763bfc48f27a603db9af99c7/seed_456_dpo_w1.0.mp4,12aa6a12145314fb4cdf7fc725fc1cd089fe6ce3763bfc48f27a603db9af99c7/seed_456_dpo_w1.0.mp4,da3,0.007190990261733532,0.4678353248164058,0.007183677516877651,21.432113647460938,0.8391525149345398,0.46064433455467224,0.9966727455127382,0.3753971755504608
133b128a5608a1333e0a9a2e8c94b3cfff73b50893c9257e348186c4250390e3,seed_456_dpo_w1.0.mp4,/workspace/VideoGPA/output/replicate_8gpu/133b128a5608a1333e0a9a2e8c94b3cfff73b50893c9257e348186c4250390e3/seed_456_dpo_w1.0.mp4,133b128a5608a1333e0a9a2e8c94b3cfff73b50893c9257e348186c4250390e3/seed_456_dpo_w1.0.mp4,da3,0.013125845231115818,0.5801004851236939,0.03951524943113327,18.8187255859375,0.6612154245376587,0.5669746398925781,0.9709082667625495,0.6723314391242133
135fc2a1c31c80698903deec6728067ed03de4f600df0a0f530d8f72cc5bb821,seed_456_dpo_w1.0.mp4,/workspace/VideoGPA/output/replicate_8gpu/135fc2a1c31c80698903deec6728067ed03de4f600df0a0f530d8f72cc5bb821/seed_456_dpo_w1.0.mp4,135fc2a1c31c80698903deec6728067ed03de4f600df0a0f530d8f72cc5bb821/seed_456_dpo_w1.0.mp4,da3,0.025972725823521614,0.5924524087458849,0.008742553181946278,15.854825019836426,0.6042961478233337,0.5664796829223633,0.9886785014343503,0.46136247118314105
137b1f244a6eeaa52119c1be2cdf13516dd5a1ee5b5df2c25a13ce777a25610e,seed_456_dpo_w1.0.mp4,/workspace/VideoGPA/output/replicate_8gpu/137b1f244a6eeaa52119c1be2cdf13516dd5a1ee5b5df2c25a13ce777a25610e/seed_456_dpo_w1.0.mp4,137b1f244a6eeaa52119c1be2cdf13516dd5a1ee5b5df2c25a13ce777a25610e/seed_456_dpo_w1.0.mp4,da3,0.006034020334482193,0.39396629109978676,0.010118359699845314,22.19393539428711,0.8763225674629211,0.38793227076530457,0.9940802810059023,0.4046660131878323
14839cfd0908fe0a302f16538382693fcfae7111e26a555b46975d06c171ae68,seed_456_dpo_w1.0.mp4,/workspace/VideoGPA/output/replicate_8gpu/14839cfd0908fe0a302f16538382693fcfae7111e26a555b46975d06c171ae68/seed_456_dpo_w1.0.mp4,14839cfd0908fe0a302f16538382693fcfae7111e26a555b46975d06c171ae68/seed_456_dpo_w1.0.mp4,da3,0.01695779338479042,0.506295207887888,0.03683089837431908,17.70630645751953,0.7363926768302917,0.48933741450309753,0.9157581798243122,0.5468186835447947
14eb48a50e37df548894ab6d8cd628a21dae14bbe6c462e894616fc5962e6c49,seed_456_dpo_w1.0.mp4,/workspace/VideoGPA/output/replicate_8gpu/14eb48a50e37df548894ab6d8cd628a21dae14bbe6c462e894616fc5962e6c49/seed_456_dpo_w1.0.mp4,14eb48a50e37df548894ab6d8cd628a21dae14bbe6c462e894616fc5962e6c49/seed_456_dpo_w1.0.mp4,da3,0.010870261117815971,0.5545439552515745,0.03790948539972305,19.637601852416992,0.7808833122253418,0.5436736941337585,0.8861108632716219,0.40952704350153607
1535598bb417f4891f9d6b842edeed288e73cd05129e2fdd076bb8ce152fb718,seed_456_dpo_w1.0.mp4,/workspace/VideoGPA/output/replicate_8gpu/1535598bb417f4891f9d6b842edeed288e73cd05129e2fdd076bb8ce152fb718/seed_456_dpo_w1.0.mp4,1535598bb417f4891f9d6b842edeed288e73cd05129e2fdd076bb8ce152fb718/seed_456_dpo_w1.0.mp4,da3,0.010690419934689999,0.5030567338690162,0.00893454160541296,19.710052490234375,0.6416080594062805,0.49236631393432617,0.8794326526047432,0.4408570130666097
15b7037e947e7d11730bcfbf1ba16fcedd9818098f20aa19b17f73db628e5069,seed_456_dpo_w1.0.mp4,/workspace/VideoGPA/output/replicate_8gpu/15b7037e947e7d11730bcfbf1ba16fcedd9818098f20aa19b17f73db628e5069/seed_456_dpo_w1.0.mp4,15b7037e947e7d11730bcfbf1ba16fcedd9818098f20aa19b17f73db628e5069/seed_456_dpo_w1.0.mp4,da3,0.035231199115514755,0.6950888894498348,0.045183081179857254,14.530726432800293,0.4790247976779938,0.6598576903343201,0.9798226356133956,1.0157720181677077
15bf33e5ae243dde13c7bfb8a72032ff6852756476b42891356f295749edba0c,seed_456_dpo_w1.0.mp4,/workspace/VideoGPA/output/replicate_8gpu/15bf33e5ae243dde13c7bfb8a72032ff6852756476b42891356f295749edba0c/seed_456_dpo_w1.0.mp4,15bf33e5ae243dde13c7bfb8a72032ff6852756476b42891356f295749edba0c/seed_456_dpo_w1.0.mp4,da3,0.0037116785533726215,0.3646763344295323,0.039293453097343445,24.304296493530273,0.8762500882148743,0.36096465587615967,0.7892187093054958,0.525046318769455
15d1be332021708faa84b4fd63c8043a885415912a3fac82d44f35810476f204,seed_456_dpo_w1.0.mp4,/workspace/VideoGPA/output/replicate_8gpu/15d1be332021708faa84b4fd63c8043a885415912a3fac82d44f35810476f204/seed_456_dpo_w1.0.mp4,15d1be332021708faa84b4fd63c8043a885415912a3fac82d44f35810476f204/seed_456_dpo_w1.0.mp4,da3,0.008573055267333984,0.4364592730998993,0.013324137777090073,20.668642044067383,0.7232118248939514,0.4278862178325653,0.9397921868831446,0.4987003472116258
15f9f75bedcfdfd7d0befc486e102d09263105f9fef2602310409964354376aa,seed_456_dpo_w1.0.mp4,/workspace/VideoGPA/output/replicate_8gpu/15f9f75bedcfdfd7d0befc486e102d09263105f9fef2602310409964354376aa/seed_456_dpo_w1.0.mp4,15f9f75bedcfdfd7d0befc486e102d09263105f9fef2602310409964354376aa/seed_456_dpo_w1.0.mp4,da3,0.001337775494903326,0.34170220186933875,0.003246284555643797,28.736167907714844,0.935372531414032,0.3403644263744354,0.9475175699921532,0.40633091661665177
166336194f24c90f0a54eeb88f03862d3ff90df5a591fe28633e630cd02cf04e,seed_456_dpo_w1.0.mp4,/workspace/VideoGPA/output/replicate_8gpu/166336194f24c90f0a54eeb88f03862d3ff90df5a591fe28633e630cd02cf04e/seed_456_dpo_w1.0.mp4,166336194f24c90f0a54eeb88f03862d3ff90df5a591fe28633e630cd02cf04e/seed_456_dpo_w1.0.mp4,da3,0.04305509850382805,0.6809160523116589,0.13762415945529938,13.659754753112793,0.5264114737510681,0.6378609538078308,0.9972620760151144,0.9481861458884345
169bb02044a0fd43289301d5e3f25fa29675b1d0479b664b7e3d30c9eea0995e,seed_456_dpo_w1.0.mp4,/workspace/VideoGPA/output/replicate_8gpu/169bb02044a0fd43289301d5e3f25fa29675b1d0479b664b7e3d30c9eea0995e/seed_456_dpo_w1.0.mp4,169bb02044a0fd43289301d5e3f25fa29675b1d0479b664b7e3d30c9eea0995e/seed_456_dpo_w1.0.mp4,da3,0.045401956886053085,0.585315253585577,0.0031318471301347017,13.429254531860352,0.5271884799003601,0.5399132966995239,0.9411240731435636,0.8132927881346809
171069b48122d3b58b5fdf64b4c5b576b633dd637c8e36c7ee40ded8715251ce,seed_456_dpo_w1.0.mp4,/workspace/VideoGPA/output/replicate_8gpu/171069b48122d3b58b5fdf64b4c5b576b633dd637c8e36c7ee40ded8715251ce/seed_456_dpo_w1.0.mp4,171069b48122d3b58b5fdf64b4c5b576b633dd637c8e36c7ee40ded8715251ce/seed_456_dpo_w1.0.mp4,da3,0.003497896483168006,0.43876054673455656,0.045171722769737244,24.56192970275879,0.8849596381187439,0.43526265025138855,0.8711065371067135,0.592807177040312
17281837e808c89f1690dd0a141a9050cad1d7725c7abd38947c51712b0498a9,seed_456_dpo_w1.0.mp4,/workspace/VideoGPA/output/replicate_8gpu/17281837e808c89f1690dd0a141a9050cad1d7725c7abd38947c51712b0498a9/seed_456_dpo_w1.0.mp4,17281837e808c89f1690dd0a141a9050cad1d7725c7abd38947c51712b0498a9/seed_456_dpo_w1.0.mp4,da3,0.0006217953632585704,0.30517980427248403,0.0020343821961432695,32.06352615356445,0.9712268710136414,0.30455800890922546,0.9417499651876494,0.40606598721610176
1739cfd2ce73a04e284ecd48a252e262b129dd39c8706b73ee6dd73cbf66347b,seed_456_dpo_w1.0.mp4,/workspace/VideoGPA/output/replicate_8gpu/1739cfd2ce73a04e284ecd48a252e262b129dd39c8706b73ee6dd73cbf66347b/seed_456_dpo_w1.0.mp4,1739cfd2ce73a04e284ecd48a252e262b129dd39c8706b73ee6dd73cbf66347b/seed_456_dpo_w1.0.mp4,da3,0.0070737674832344055,0.5148997977375984,0.04792502149939537,21.503494262695312,0.815625011920929,0.507826030254364,0.7678412096104483,0.5426850981182523
17831e0e881d05566575b2b8b2723c1c4966eecdbf76b5b14d2e5b025136bb33,seed_456_dpo_w1.0.mp4,/workspace/VideoGPA/output/replicate_8gpu/17831e0e881d05566575b2b8b2723c1c4966eecdbf76b5b14d2e5b025136bb33/seed_456_dpo_w1.0.mp4,17831e0e881d05566575b2b8b2723c1c4966eecdbf76b5b14d2e5b025136bb33/seed_456_dpo_w1.0.mp4,da3,0.01181869674474001,0.5576105015352368,0.011001773178577423,19.27430534362793,0.7059182524681091,0.5457918047904968,0.9987076840110799,0.5889065861701965
